"","word","score","sentiment0"
"1","greet",1,"positive"
"2","amazing",4,"positive"
"3","bitch",-5,"negative"
"4","bitch",-5,"negative"
"5","bitch",-5,"negative"
"6","shares",1,"positive"
"7","war",-2,"negative"
"8","increased",1,"positive"
"9","share",1,"positive"
"10","cut",-1,"negative"
"11","dick",-4,"negative"
"12","excellent",3,"positive"
"13","shares",1,"positive"
"14","weakness",-2,"negative"
"15","asset",2,"positive"
"16","hope",2,"positive"
"17","feeling",1,"positive"
"18","hope",2,"positive"
"19","hero",2,"positive"
"20","super",3,"positive"
"21","pretty",1,"positive"
"22","missed",-2,"negative"
"23","miss",-2,"negative"
"24","missed",-2,"negative"
"25","shares",1,"positive"
"26","shares",1,"positive"
"27","horrible",-3,"negative"
"28","bad",-3,"negative"
"29","huge",1,"positive"
"30","pay",-1,"negative"
"31","united",1,"positive"
"32","deafening",-1,"negative"
"33","join",1,"positive"
"34","legal",1,"positive"
"35","easy",1,"positive"
"36","amazing",4,"positive"
"37","disgusting",-3,"negative"
"38","stopped",-1,"negative"
"39","bad",-3,"negative"
"40","hell",-4,"negative"
"41","mistake",-2,"negative"
"42","horrible",-3,"negative"
"43","cried",-2,"negative"
"44","straight",1,"positive"
"45","cut",-1,"negative"
"46","evil",-3,"negative"
"47","opportunity",2,"positive"
"48","save",2,"positive"
"49","free",1,"positive"
"50","pay",-1,"negative"
"51","stopped",-1,"negative"
"52","bad",-3,"negative"
"53","waste",-1,"negative"
"54","mistake",-2,"negative"
"55","falling",-1,"negative"
"56","love",3,"positive"
"57","mistake",-2,"negative"
"58","free",1,"positive"
"59","motivation",1,"positive"
"60","trust",1,"positive"
"61","cut",-1,"negative"
"62","disappointed",-2,"negative"
"63","shares",1,"positive"
"64","innovation",1,"positive"
"65","shares",1,"positive"
"66","sucks",-3,"negative"
"67","increased",1,"positive"
"68","demand",-1,"negative"
"69","stop",-1,"negative"
"70","cruel",-3,"negative"
"71","attractions",2,"positive"
"72","demand",-1,"negative"
"73","stop",-1,"negative"
"74","cruel",-3,"negative"
"75","attractions",2,"positive"
"76","top",2,"positive"
"77","ridiculous",-3,"negative"
"78","love",3,"positive"
"79","mistake",-2,"negative"
"80","united",1,"positive"
"81","shares",1,"positive"
"82","wealth",3,"positive"
"83","wealth",3,"positive"
"84","shares",1,"positive"
"85","shares",1,"positive"
"86","happy",3,"positive"
"87","happy",3,"positive"
"88","horrible",-3,"negative"
"89","horrible",-3,"negative"
"90","care",2,"positive"
"91","happy",3,"positive"
"92","happy",3,"positive"
"93","happy",3,"positive"
"94","happy",3,"positive"
"95","happy",3,"positive"
"96","happy",3,"positive"
"97","happy",3,"positive"
"98","happy",3,"positive"
"99","weakness",-2,"negative"
"100","weakness",-2,"negative"
"101","save",2,"positive"
"102","huge",1,"positive"
"103","stopped",-1,"negative"
"104","bad",-3,"negative"
"105","ridiculous",-3,"negative"
"106","warning",-3,"negative"
"107","apologize",-1,"negative"
"108","inconvenience",-2,"negative"
"109","unconfirmed",-1,"negative"
"110","apologize",-1,"negative"
"111","inconvenience",-2,"negative"
"112","positive",2,"positive"
"113","hard",-1,"negative"
"114","huge",1,"positive"
"115","share",1,"positive"
"116","boosted",1,"positive"
"117","huge",1,"positive"
"118","huge",1,"positive"
"119","free",1,"positive"
"120","chance",2,"positive"
"121","lowest",-1,"negative"
"122","free",1,"positive"
"123","stopped",-1,"negative"
"124","bad",-3,"negative"
"125","cut",-1,"negative"
"126","shares",1,"positive"
"127","ha",2,"positive"
"128","awesome",4,"positive"
"129","frustrating",-2,"negative"
"130","frustration",-2,"negative"
"131","increased",1,"positive"
"132","worth",2,"positive"
"133","super",3,"positive"
"134","frustrating",-2,"negative"
"135","losing",-3,"negative"
"136","worst",-3,"negative"
"137","lmao",4,"positive"
"138","warning",-3,"negative"
"139","terrible",-3,"negative"
"140","motivation",1,"positive"
"141","easy",1,"positive"
"142","easy",1,"positive"
"143","united",1,"positive"
"144","bullshit",-4,"negative"
"145","resolved",2,"positive"
"146","recommend",2,"positive"
"147","asset",2,"positive"
"148","ensure",1,"positive"
"149","death",-2,"negative"
"150","accidentally",-2,"negative"
"151","free",1,"positive"
"152","free",1,"positive"
"153","missing",-2,"negative"
"154","free",1,"positive"
"155","mistake",-2,"negative"
"156","share",1,"positive"
"157","free",1,"positive"
"158","sentence",-2,"negative"
"159","shares",1,"positive"
"160","stopped",-1,"negative"
"161","bad",-3,"negative"
"162","stopped",-1,"negative"
"163","bad",-3,"negative"
"164","save",2,"positive"
"165","free",1,"positive"
"166","care",2,"positive"
"167","love",3,"positive"
"168","congratulations",2,"positive"
"169","stopped",-1,"negative"
"170","bad",-3,"negative"
"171","stopped",-1,"negative"
"172","bad",-3,"negative"
"173","death",-2,"negative"
"174","perfect",3,"positive"
"175","gift",2,"positive"
"176","difficult",-1,"negative"
"177","awesome",4,"positive"
"178","excited",3,"positive"
"179","vision",1,"positive"
"180","worst",-3,"negative"
"181","depressed",-2,"negative"
"182","lmao",4,"positive"
"183","mad",-3,"negative"
"184","shit",-4,"negative"
"185","lol",3,"positive"
"186","straight",1,"positive"
"187","condemn",-2,"negative"
"188","favor",2,"positive"
"189","resolved",2,"positive"
"190","wasted",-2,"negative"
"191","failed",-2,"negative"
"192","winning",4,"positive"
"193","difficult",-1,"negative"
"194","stop",-1,"negative"
"195","funeral",-1,"negative"
"196","demand",-1,"negative"
"197","stop",-1,"negative"
"198","cruel",-3,"negative"
"199","attractions",2,"positive"
"200","glad",3,"positive"
"201","sick",-2,"negative"
"202","tired",-2,"negative"
"203","disgrace",-2,"negative"
"204","positive",2,"positive"
"205","share",1,"positive"
"206","positive",2,"positive"
"207","share",1,"positive"
"208","positive",2,"positive"
"209","share",1,"positive"
"210","positive",2,"positive"
"211","share",1,"positive"
"212","cancel",-1,"negative"
"213","funeral",-1,"negative"
"214","apologize",-1,"negative"
"215","inconvenience",-2,"negative"
"216","bullshit",-4,"negative"
"217","love",3,"positive"
"218","love",3,"positive"
"219","supports",2,"positive"
"220","save",2,"positive"
"221","warm",1,"positive"
"222","forget",-1,"negative"
"223","amazing",4,"positive"
"224","charged",-3,"negative"
"225","dear",2,"positive"
"226","stolen",-2,"negative"
"227","controversial",-2,"negative"
"228","save",2,"positive"
"229","forced",-1,"negative"
"230","postpone",-1,"negative"
"231","fraud",-4,"negative"
"232","kill",-3,"negative"
"233","stop",-1,"negative"
"234","pay",-1,"negative"
"235","fan",3,"positive"
"236","mistake",-2,"negative"
"237","warm",1,"positive"
"238","inconvenience",-2,"negative"
"239","awful",-3,"negative"
"240","cancelled",-1,"negative"
"241","shares",1,"positive"
"242","strength",2,"positive"
"243","cancel",-1,"negative"
"244","resolving",2,"positive"
"245","helping",2,"positive"
"246","cancel",-1,"negative"
"247","cancel",-1,"negative"
"248","restricted",-2,"negative"
"249","apologize",-1,"negative"
"250","inconvenience",-2,"negative"
"251","mistake",-2,"negative"
"252","awful",-3,"negative"
"253","cancelled",-1,"negative"
"254","falling",-1,"negative"
"255","mistake",-2,"negative"
"256","join",1,"positive"
"257","charges",-2,"negative"
"258","cheat",-3,"negative"
"259","worst",-3,"negative"
"260","hope",2,"positive"
"261","waste",-1,"negative"
"262","falling",-1,"negative"
"263","falling",-1,"negative"
"264","falling",-1,"negative"
"265","falling",-1,"negative"
"266","falling",-1,"negative"
"267","falling",-1,"negative"
"268","falling",-1,"negative"
"269","falling",-1,"negative"
"270","mistake",-2,"negative"
"271","shares",1,"positive"
"272","shares",1,"positive"
"273","shares",1,"positive"
"274","shares",1,"positive"
"275","wow",4,"positive"
"276","insane",-2,"negative"
"277","failed",-2,"negative"
"278","lol",3,"positive"
"279","love",3,"positive"
"280","appalling",-2,"negative"
"281","mistake",-2,"negative"
"282","failures",-2,"negative"
"283","united",1,"positive"
"284","failures",-2,"negative"
"285","protesting",-2,"negative"
"286","stop",-1,"negative"
"287","supporting",1,"positive"
"288","attractions",2,"positive"
"289","exploit",-2,"negative"
"290","harm",-2,"negative"
"291","mistake",-2,"negative"
"292","glad",3,"positive"
"293","pretty",1,"positive"
"294","free",1,"positive"
"295","innovation",1,"positive"
"296","safety",1,"positive"
"297","free",1,"positive"
"298","innovation",1,"positive"
"299","safety",1,"positive"
"300","mistake",-2,"negative"
"301","mistake",-2,"negative"
"302","reaching",1,"positive"
"303","reaching",1,"positive"
"304","failure",-2,"negative"
"305","disappointment",-2,"negative"
"306","sad",-2,"negative"
"307","amazing",4,"positive"
"308","sweet",2,"positive"
"309","welcomed",2,"positive"
"310","demand",-1,"negative"
"311","stop",-1,"negative"
"312","cruel",-3,"negative"
"313","attractions",2,"positive"
"314","mistake",-2,"negative"
"315","mistake",-2,"negative"
"316","mistake",-2,"negative"
"317","mistake",-2,"negative"
"318","shocked",-2,"negative"
"319","pensive",-1,"negative"
"320","innovation",1,"positive"
"321","worst",-3,"negative"
"322","mistake",-2,"negative"
"323","mistake",-2,"negative"
"324","mistake",-2,"negative"
"325","stupid",-2,"negative"
"326","mistake",-2,"negative"
"327","happy",3,"positive"
"328","scam",-2,"negative"
"329","mistake",-2,"negative"
"330","growth",2,"positive"
"331","stop",-1,"negative"
"332","emergency",-2,"negative"
"333","killing",-3,"negative"
"334","mistake",-2,"negative"
"335","fight",-1,"negative"
"336","shit",-4,"negative"
"337","save",2,"positive"
"338","advanced",1,"positive"
"339","dislike",-2,"negative"
"340","shit",-4,"negative"
"341","hope",2,"positive"
"342","mistake",-2,"negative"
"343","ensure",1,"positive"
"344","awful",-3,"negative"
"345","crap",-3,"negative"
"346","mistake",-2,"negative"
"347","mistake",-2,"negative"
"348","mistake",-2,"negative"
"349","mistake",-2,"negative"
"350","mistake",-2,"negative"
"351","mistake",-2,"negative"
"352","mistake",-2,"negative"
"353","mistake",-2,"negative"
"354","mistake",-2,"negative"
"355","mistake",-2,"negative"
"356","mistake",-2,"negative"
"357","mistake",-2,"negative"
"358","cheerful",2,"positive"
"359","enjoy",2,"positive"
"360","happy",3,"positive"
"361","disappointed",-2,"negative"
"362","gross",-2,"negative"
"363","stunning",4,"positive"
"364","supports",2,"positive"
"365","abuse",-3,"negative"
"366","victims",-3,"negative"
"367","innovation",1,"positive"
"368","support",2,"positive"
"369","promise",1,"positive"
"370","comedy",1,"positive"
"371","share",1,"positive"
"372","amazing",4,"positive"
"373","save",2,"positive"
"374","save",2,"positive"
"375","stunning",4,"positive"
"376","apologize",-1,"negative"
"377","excited",3,"positive"
"378","horrible",-3,"negative"
"379","share",1,"positive"
"380","losing",-3,"negative"
"381","stopped",-1,"negative"
"382","bad",-3,"negative"
"383","inconvenience",-2,"negative"
"384","glad",3,"positive"
"385","hate",-3,"negative"
"386","support",2,"positive"
"387","amazing",4,"positive"
"388","stunning",4,"positive"
"389","fuck",-4,"negative"
"390","inconvenience",-2,"negative"
"391","weakness",-2,"negative"
"392","support",2,"positive"
"393","sick",-2,"negative"
"394","warning",-3,"negative"
"395","illegal",-3,"negative"
"396","warning",-3,"negative"
"397","illegal",-3,"negative"
"398","winning",4,"positive"
"399","free",1,"positive"
"400","chance",2,"positive"
"401","win",4,"positive"
"402","warning",-3,"negative"
"403","illegal",-3,"negative"
"404","shares",1,"positive"
"405","annoyed",-2,"negative"
"406","honoring",2,"positive"
"407","guarantee",1,"positive"
"408","shares",1,"positive"
"409","bad",-3,"negative"
"410","misrepresentation",-2,"negative"
"411","yeah",1,"positive"
"412","stopped",-1,"negative"
"413","bad",-3,"negative"
"414","join",1,"positive"
"415","shares",1,"positive"
"416","shares",1,"positive"
"417","shares",1,"positive"
"418","worse",-3,"negative"
"419","stunning",4,"positive"
"420","worse",-3,"negative"
"421","stopped",-1,"negative"
"422","bad",-3,"negative"
"423","free",1,"positive"
"424","boost",1,"positive"
"425","free",1,"positive"
"426","bad",-3,"negative"
"427","lost",-3,"negative"
"428","crash",-2,"negative"
"429","crash",-2,"negative"
"430","fan",3,"positive"
"431","love",3,"positive"
"432","win",4,"positive"
"433","cancel",-1,"negative"
"434","happy",3,"positive"
"435","pay",-1,"negative"
"436","winning",4,"positive"
"437","free",1,"positive"
"438","chance",2,"positive"
"439","win",4,"positive"
"440","cancelled",-1,"negative"
"441","lucky",3,"positive"
"442","saved",2,"positive"
"443","fraudulent",-4,"negative"
"444","charges",-2,"negative"
"445","winning",4,"positive"
"446","free",1,"positive"
"447","chance",2,"positive"
"448","win",4,"positive"
"449","amazing",4,"positive"
"450","protesting",-2,"negative"
"451","shares",1,"positive"
"452","entertaining",2,"positive"
"453","winning",4,"positive"
"454","free",1,"positive"
"455","chance",2,"positive"
"456","win",4,"positive"
"457","useless",-2,"negative"
"458","winning",4,"positive"
"459","free",1,"positive"
"460","chance",2,"positive"
"461","win",4,"positive"
"462","winning",4,"positive"
"463","free",1,"positive"
"464","chance",2,"positive"
"465","win",4,"positive"
"466","stop",-1,"negative"
"467","stopped",-1,"negative"
"468","bad",-3,"negative"
"469","shit",-4,"negative"
"470","demand",-1,"negative"
"471","stop",-1,"negative"
"472","cruel",-3,"negative"
"473","attractions",2,"positive"
"474","idiot",-3,"negative"
"475","matter",1,"positive"
"476","stop",-1,"negative"
"477","hate",-3,"negative"
"478","hate",-3,"negative"
"479","winning",4,"positive"
"480","free",1,"positive"
"481","winning",4,"positive"
"482","free",1,"positive"
"483","chance",2,"positive"
"484","win",4,"positive"
"485","stopped",-1,"negative"
"486","bad",-3,"negative"
"487","share",1,"positive"
"488","winning",4,"positive"
"489","free",1,"positive"
"490","chance",2,"positive"
"491","win",4,"positive"
"492","smile",2,"positive"
"493","gift",2,"positive"
"494","winning",4,"positive"
"495","free",1,"positive"
"496","chance",2,"positive"
"497","win",4,"positive"
"498","huge",1,"positive"
"499","kill",-3,"negative"
"500","stop",-1,"negative"
"501","winning",4,"positive"
"502","free",1,"positive"
"503","chance",2,"positive"
"504","win",4,"positive"
"505","winning",4,"positive"
"506","free",1,"positive"
"507","chance",2,"positive"
"508","win",4,"positive"
"509","winning",4,"positive"
"510","free",1,"positive"
"511","chance",2,"positive"
"512","win",4,"positive"
"513","winning",4,"positive"
"514","free",1,"positive"
"515","chance",2,"positive"
"516","win",4,"positive"
"517","cut",-1,"negative"
"518","loyal",3,"positive"
"519","increased",1,"positive"
"520","boosted",1,"positive"
"521","stop",-1,"negative"
"522","emergency",-2,"negative"
"523","kill",-3,"negative"
"524","emergency",-2,"negative"
"525","kill",-3,"negative"
"526","demand",-1,"negative"
"527","emergency",-2,"negative"
"528","kill",-3,"negative"
"529","stop",-1,"negative"
"530","supporting",1,"positive"
"531","attractions",2,"positive"
"532","exploit",-2,"negative"
"533","harm",-2,"negative"
"534","nice",3,"positive"
"535","free",1,"positive"
"536","apologize",-1,"negative"
"537","charges",-2,"negative"
"538","love",3,"positive"
"539","pay",-1,"negative"
"540","legal",1,"positive"
"541","free",1,"positive"
"542","horrible",-3,"negative"
"543","cancel",-1,"negative"
"544","glad",3,"positive"
"545","super",3,"positive"
"546","easy",1,"positive"
"547","friendly",2,"positive"
"548","ruining",-2,"negative"
"549","nice",3,"positive"
"550","free",1,"positive"
"551","threaten",-2,"negative"
"552","stopped",-1,"negative"
"553","bad",-3,"negative"
"554","increased",1,"positive"
"555","accept",1,"positive"
"556","increased",1,"positive"
"557","stolen",-2,"negative"
"558","helps",2,"positive"
"559","stop",-1,"negative"
"560","laughing",1,"positive"
"561","asset",2,"positive"
"562","war",-2,"negative"
"563","care",2,"positive"
"564","shares",1,"positive"
"565","asset",2,"positive"
"566","asset",2,"positive"
"567","asset",2,"positive"
"568","cuts",-1,"negative"
"569","boosts",1,"positive"
"570","shares",1,"positive"
"571","boosted",1,"positive"
"572","wow",4,"positive"
"573","damn",-4,"negative"
"574","shit",-4,"negative"
"575","save",2,"positive"
"576","lol",3,"positive"
"577","stop",-1,"negative"
"578","shares",1,"positive"
"579","shares",1,"positive"
"580","worth",2,"positive"
"581","pain",-2,"negative"
"582","fail",-2,"negative"
"583","save",2,"positive"
"584","worst",-3,"negative"
"585","terrible",-3,"negative"
"586","sad",-2,"negative"
"587","shares",1,"positive"
"588","weakness",-2,"negative"
"589","doubt",-1,"negative"
"590","stop",-1,"negative"
"591","fraud",-4,"negative"
"592","demand",-1,"negative"
"593","stop",-1,"negative"
"594","cruel",-3,"negative"
"595","attractions",2,"positive"
"596","damn",-4,"negative"
"597","free",1,"positive"
"598","bitter",-2,"negative"
"599","missing",-2,"negative"
"600","hurt",-2,"negative"
"601","loved",3,"positive"
"602","frauds",-4,"negative"
"603","stop",-1,"negative"
"604","chance",2,"positive"
"605","win",4,"positive"
"606","glad",3,"positive"
"607","death",-2,"negative"
"608","fraud",-4,"negative"
"609","shares",1,"positive"
"610","agree",1,"positive"
"611","lied",-2,"negative"
"612","coerced",-2,"negative"
"613","growth",2,"positive"
"614","poised",-2,"negative"
"615","free",1,"positive"
"616","reach",1,"positive"
"617","terrible",-3,"negative"
"618","friendly",2,"positive"
"619","fuck",-4,"negative"
"620","save",2,"positive"
"621","congrats",2,"positive"
"622","killing",-3,"negative"
"623","bomb",-1,"negative"
"624","shit",-4,"negative"
"625","bad",-3,"negative"
"626","niggas",-5,"negative"
"627","solid",2,"positive"
"628","damage",-3,"negative"
"629","kinder",2,"positive"
"630","lol",3,"positive"
"631","loved",3,"positive"
"632","matters",1,"positive"
"633","cancel",-1,"negative"
"634","lol",3,"positive"
"635","lol",3,"positive"
"636","loved",3,"positive"
"637","demand",-1,"negative"
"638","stop",-1,"negative"
"639","cruel",-3,"negative"
"640","attractions",2,"positive"
"641","bullshit",-4,"negative"
"642","fuck",-4,"negative"
"643","damn",-4,"negative"
"644","lol",3,"positive"
"645","increased",1,"positive"
"646","wealth",3,"positive"
"647","wealth",3,"positive"
"648","shares",1,"positive"
"649","wealth",3,"positive"
"650","recommended",2,"positive"
"651","lol",3,"positive"
"652","stopped",-1,"negative"
"653","bad",-3,"negative"
"654","asset",2,"positive"
"655","trust",1,"positive"
"656","shares",1,"positive"
"657","asset",2,"positive"
"658","stopped",-1,"negative"
"659","bad",-3,"negative"
"660","demand",-1,"negative"
"661","stop",-1,"negative"
"662","cruel",-3,"negative"
"663","attractions",2,"positive"
"664","demand",-1,"negative"
"665","stop",-1,"negative"
"666","cruel",-3,"negative"
"667","attractions",2,"positive"
"668","stopped",-1,"negative"
"669","bad",-3,"negative"
"670","demand",-1,"negative"
"671","stop",-1,"negative"
"672","cruel",-3,"negative"
"673","attractions",2,"positive"
"674","noble",2,"positive"
"675","demand",-1,"negative"
"676","stop",-1,"negative"
"677","cruel",-3,"negative"
"678","attractions",2,"positive"
"679","demand",-1,"negative"
"680","stop",-1,"negative"
"681","cruel",-3,"negative"
"682","attractions",2,"positive"
"683","love",3,"positive"
"684","funeral",-1,"negative"
"685","save",2,"positive"
"686","blurry",-2,"negative"
"687","fake",-3,"negative"
"688","save",2,"positive"
"689","promoting",1,"positive"
"690","exciting",3,"positive"
"691","bomb",-1,"negative"
"692","swear",-2,"negative"
"693","leave",-1,"negative"
"694","love",3,"positive"
"695","gift",2,"positive"
"696","fire",-2,"negative"
"697","true",2,"positive"
"698","dead",-3,"negative"
"699","haha",3,"positive"
"700","demand",-1,"negative"
"701","stop",-1,"negative"
"702","cruel",-3,"negative"
"703","attractions",2,"positive"
"704","shares",1,"positive"
"705","shares",1,"positive"
"706","joy",3,"positive"
"707","escaping",-1,"negative"
"708","fine",2,"positive"
"709","miss",-2,"negative"
"710","negative",-2,"negative"
"711","stunning",4,"positive"
"712","care",2,"positive"
"713","promote",1,"positive"
"714","promote",1,"positive"
"715","demand",-1,"negative"
"716","stop",-1,"negative"
"717","cruel",-3,"negative"
"718","attractions",2,"positive"
"719","glad",3,"positive"
"720","shame",-2,"negative"
"721","lost",-3,"negative"
"722","wealth",3,"positive"
"723","shares",1,"positive"
"724","demand",-1,"negative"
"725","stop",-1,"negative"
"726","cruel",-3,"negative"
"727","attractions",2,"positive"
"728","asset",2,"positive"
"729","care",2,"positive"
"730","resolved",2,"positive"
"731","free",1,"positive"
"732","miss",-2,"negative"
"733","demand",-1,"negative"
"734","stop",-1,"negative"
"735","cruel",-3,"negative"
"736","attractions",2,"positive"
"737","dead",-3,"negative"
"738","stop",-1,"negative"
"739","supporting",1,"positive"
"740","attractions",2,"positive"
"741","exploit",-2,"negative"
"742","harm",-2,"negative"
"743","free",1,"positive"
"744","save",2,"positive"
"745","sincere",2,"positive"
"746","stop",-1,"negative"
"747","supporting",1,"positive"
"748","attractions",2,"positive"
"749","exploit",-2,"negative"
"750","harm",-2,"negative"
"751","stop",-1,"negative"
"752","worse",-3,"negative"
"753","worst",-3,"negative"
"754","advantage",2,"positive"
"755","excellent",3,"positive"
"756","stolen",-2,"negative"
"757","beaten",-2,"negative"
"758","pay",-1,"negative"
"759","cruel",-3,"negative"
"760","stopped",-1,"negative"
"761","bad",-3,"negative"
"762","save",2,"positive"
"763","cut",-1,"negative"
"764","supports",2,"positive"
"765","abuse",-3,"negative"
"766","demand",-1,"negative"
"767","stop",-1,"negative"
"768","cruel",-3,"negative"
"769","attractions",2,"positive"
"770","free",1,"positive"
"771","free",1,"positive"
"772","free",1,"positive"
"773","cut",-1,"negative"
"774","trust",1,"positive"
"775","cut",-1,"negative"
"776","trust",1,"positive"
"777","woohoo",3,"positive"
"778","cut",-1,"negative"
"779","trust",1,"positive"
"780","demand",-1,"negative"
"781","stop",-1,"negative"
"782","cruel",-3,"negative"
"783","attractions",2,"positive"
"784","delayed",-1,"negative"
"785","shared",1,"positive"
"786","bad",-3,"negative"
"787","gun",-1,"negative"
"788","fuck",-4,"negative"
"789","perfect",3,"positive"
"790","delayed",-1,"negative"
"791","reached",1,"positive"
"792","bad",-3,"negative"
"793","awesome",4,"positive"
"794","bad",-3,"negative"
"795","stopped",-1,"negative"
"796","bad",-3,"negative"
"797","stopped",-1,"negative"
"798","bad",-3,"negative"
"799","innovation",1,"positive"
"800","love",3,"positive"
"801","sucks",-3,"negative"
"802","stuck",-2,"negative"
"803","worse",-3,"negative"
"804","lol",3,"positive"
"805","exclusive",2,"positive"
"806","demand",-1,"negative"
"807","stop",-1,"negative"
"808","cruel",-3,"negative"
"809","attractions",2,"positive"
"810","gift",2,"positive"
"811","support",2,"positive"
"812","poised",-2,"negative"
"813","trouble",-2,"negative"
"814","demand",-1,"negative"
"815","stop",-1,"negative"
"816","cruel",-3,"negative"
"817","attractions",2,"positive"
"818","nice",3,"positive"
"819","scam",-2,"negative"
"820","glad",3,"positive"
"821","lost",-3,"negative"
"822","easy",1,"positive"
"823","easy",1,"positive"
"824","stopped",-1,"negative"
"825","bad",-3,"negative"
"826","cut",-1,"negative"
"827","stop",-1,"negative"
"828","cute",2,"positive"
"829","demand",-1,"negative"
"830","stop",-1,"negative"
"831","cruel",-3,"negative"
"832","attractions",2,"positive"
"833","stopped",-1,"negative"
"834","bad",-3,"negative"
"835","stopped",-1,"negative"
"836","bad",-3,"negative"
"837","demand",-1,"negative"
"838","stop",-1,"negative"
"839","cruel",-3,"negative"
"840","attractions",2,"positive"
"841","battle",-1,"negative"
"842","glad",3,"positive"
"843","solutions",1,"positive"
"844","careful",2,"positive"
"845","celebrating",3,"positive"
"846","shocked",-2,"negative"
"847","celebrating",3,"positive"
"848","celebrating",3,"positive"
"849","shares",1,"positive"
"850","cuts",-1,"negative"
"851","cuts",-1,"negative"
"852","demand",-1,"negative"
"853","stop",-1,"negative"
"854","cruel",-3,"negative"
"855","attractions",2,"positive"
"856","united",1,"positive"
"857","threaten",-2,"negative"
"858","demand",-1,"negative"
"859","stop",-1,"negative"
"860","cruel",-3,"negative"
"861","attractions",2,"positive"
"862","threaten",-2,"negative"
"863","stopped",-1,"negative"
"864","bad",-3,"negative"
"865","stopped",-1,"negative"
"866","bad",-3,"negative"
"867","stopped",-1,"negative"
"868","bad",-3,"negative"
"869","poor",-2,"negative"
"870","ugly",-3,"negative"
"871","gift",2,"positive"
"872","love",3,"positive"
"873","stopped",-1,"negative"
"874","bad",-3,"negative"
"875","supports",2,"positive"
"876","abuse",-3,"negative"
"877","opportunity",2,"positive"
"878","stop",-1,"negative"
"879","abused",-3,"negative"
"880","tortured",-4,"negative"
"881","reaching",1,"positive"
"882","innovation",1,"positive"
"883","innovation",1,"positive"
"884","stopped",-1,"negative"
"885","bad",-3,"negative"
"886","apologize",-1,"negative"
"887","inconvenience",-2,"negative"
"888","dear",2,"positive"
"889","hard",-1,"negative"
"890","worth",2,"positive"
"891","waste",-1,"negative"
"892","pretty",1,"positive"
"893","awful",-3,"negative"
"894","lol",3,"positive"
"895","misleading",-3,"negative"
"896","worth",2,"positive"
"897","alert",-1,"negative"
"898","stopped",-1,"negative"
"899","bad",-3,"negative"
"900","stop",-1,"negative"
"901","abused",-3,"negative"
"902","tortured",-4,"negative"
"903","stop",-1,"negative"
"904","abused",-3,"negative"
"905","tortured",-4,"negative"
"906","sweet",2,"positive"
"907","innovation",1,"positive"
"908","demand",-1,"negative"
"909","stop",-1,"negative"
"910","cruel",-3,"negative"
"911","attractions",2,"positive"
"912","asset",2,"positive"
"913","boosted",1,"positive"
"914","innovation",1,"positive"
"915","apologize",-1,"negative"
"916","inconvenience",-2,"negative"
"917","demand",-1,"negative"
"918","stop",-1,"negative"
"919","cruel",-3,"negative"
"920","attractions",2,"positive"
"921","cut",-1,"negative"
"922","demand",-1,"negative"
"923","stop",-1,"negative"
"924","cruel",-3,"negative"
"925","attractions",2,"positive"
"926","demand",-1,"negative"
"927","stop",-1,"negative"
"928","cruel",-3,"negative"
"929","attractions",2,"positive"
"930","demand",-1,"negative"
"931","stop",-1,"negative"
"932","cruel",-3,"negative"
"933","attractions",2,"positive"
"934","demand",-1,"negative"
"935","stop",-1,"negative"
"936","cruel",-3,"negative"
"937","attractions",2,"positive"
"938","demand",-1,"negative"
"939","stop",-1,"negative"
"940","cruel",-3,"negative"
"941","attractions",2,"positive"
"942","stop",-1,"negative"
"943","cruel",-3,"negative"
"944","attractions",2,"positive"
"945","distracted",-2,"negative"
"946","innovation",1,"positive"
"947","innovation",1,"positive"
"948","growth",2,"positive"
"949","hard",-1,"negative"
"950","demand",-1,"negative"
"951","stop",-1,"negative"
"952","cruel",-3,"negative"
"953","attractions",2,"positive"
"954","accident",-2,"negative"
"955","miracle",4,"positive"
"956","apologize",-1,"negative"
"957","accident",-2,"negative"
"958","innovation",1,"positive"
"959","innovation",1,"positive"
"960","accident",-2,"negative"
"961","accident",-2,"negative"
"962","accident",-2,"negative"
"963","dream",1,"positive"
"964","solutions",1,"positive"
"965","demand",-1,"negative"
"966","stop",-1,"negative"
"967","cruel",-3,"negative"
"968","attractions",2,"positive"
"969","stop",-1,"negative"
"970","shares",1,"positive"
"971","shares",1,"positive"
"972","supports",2,"positive"
"973","abuse",-3,"negative"
"974","gains",2,"positive"
"975","hoping",2,"positive"
"976","united",1,"positive"
"977","adventure",2,"positive"
"978","love",3,"positive"
"979","lmao",4,"positive"
"980","stopped",-1,"negative"
"981","bad",-3,"negative"
"982","trust",1,"positive"
"983","trust",1,"positive"
"984","cuts",-1,"negative"
"985","demand",-1,"negative"
"986","stop",-1,"negative"
"987","cruel",-3,"negative"
"988","attractions",2,"positive"
"989","poised",-2,"negative"
"990","trouble",-2,"negative"
"991","growing",1,"positive"
"992","strength",2,"positive"
"993","win",4,"positive"
"994","lol",3,"positive"
"995","poised",-2,"negative"
"996","trouble",-2,"negative"
"997","losing",-3,"negative"
"998","poised",-2,"negative"
"999","trouble",-2,"negative"
"1000","discounted",-1,"negative"
"1001","poised",-2,"negative"
"1002","trouble",-2,"negative"
"1003","stopped",-1,"negative"
"1004","bad",-3,"negative"
"1005","poised",-2,"negative"
"1006","trouble",-2,"negative"
"1007","poised",-2,"negative"
"1008","trouble",-2,"negative"
"1009","poised",-2,"negative"
"1010","trouble",-2,"negative"
"1011","poised",-2,"negative"
"1012","trouble",-2,"negative"
"1013","shares",1,"positive"
"1014","stopped",-1,"negative"
"1015","bad",-3,"negative"
"1016","stopped",-1,"negative"
"1017","fucking",-4,"negative"
"1018","dick",-4,"negative"
"1019","effectively",2,"positive"
"1020","happy",3,"positive"
"1021","demand",-1,"negative"
"1022","stop",-1,"negative"
"1023","cruel",-3,"negative"
"1024","attractions",2,"positive"
"1025","united",1,"positive"
"1026","love",3,"positive"
"1027","innovation",1,"positive"
"1028","lol",3,"positive"
"1029","support",2,"positive"
"1030","crime",-3,"negative"
"1031","fraud",-4,"negative"
"1032","fraud",-4,"negative"
"1033","unfair",-2,"negative"
"1034","fraud",-4,"negative"
"1035","united",1,"positive"
"1036","support",2,"positive"
"1037","crime",-3,"negative"
"1038","fraud",-4,"negative"
"1039","fraud",-4,"negative"
"1040","sentence",-2,"negative"
"1041","hope",2,"positive"
"1042","lmao",4,"positive"
"1043","fine",2,"positive"
"1044","dear",2,"positive"
"1045","sucks",-3,"negative"
"1046","demand",-1,"negative"
"1047","stop",-1,"negative"
"1048","cruel",-3,"negative"
"1049","attractions",2,"positive"
"1050","stopped",-1,"negative"
"1051","bad",-3,"negative"
"1052","innovation",1,"positive"
"1053","stopped",-1,"negative"
"1054","bad",-3,"negative"
"1055","stopped",-1,"negative"
"1056","bad",-3,"negative"
"1057","evil",-3,"negative"
"1058","awesome",4,"positive"
"1059","unfair",-2,"negative"
"1060","fraud",-4,"negative"
"1061","happy",3,"positive"
"1062","fun",4,"positive"
"1063","cool",1,"positive"
"1064","happy",3,"positive"
"1065","fun",4,"positive"
"1066","cool",1,"positive"
"1067","happy",3,"positive"
"1068","fun",4,"positive"
"1069","cool",1,"positive"
"1070","happy",3,"positive"
"1071","fun",4,"positive"
"1072","cool",1,"positive"
"1073","happy",3,"positive"
"1074","fun",4,"positive"
"1075","cool",1,"positive"
"1076","happy",3,"positive"
"1077","fun",4,"positive"
"1078","cool",1,"positive"
"1079","terrible",-3,"negative"
"1080","terrible",-3,"negative"
"1081","stopped",-1,"negative"
"1082","bad",-3,"negative"
"1083","stopped",-1,"negative"
"1084","bad",-3,"negative"
"1085","stopped",-1,"negative"
"1086","bad",-3,"negative"
"1087","apologize",-1,"negative"
"1088","inconvenience",-2,"negative"
"1089","stop",-1,"negative"
"1090","suck",-3,"negative"
"1091","pay",-1,"negative"
"1092","stopped",-1,"negative"
"1093","bad",-3,"negative"
"1094","glad",3,"positive"
"1095","crash",-2,"negative"
"1096","demand",-1,"negative"
"1097","stop",-1,"negative"
"1098","cruel",-3,"negative"
"1099","attractions",2,"positive"
"1100","demand",-1,"negative"
"1101","stop",-1,"negative"
"1102","cruel",-3,"negative"
"1103","attractions",2,"positive"
"1104","innovation",1,"positive"
"1105","stop",-1,"negative"
"1106","demand",-1,"negative"
"1107","stop",-1,"negative"
"1108","cruel",-3,"negative"
"1109","attractions",2,"positive"
"1110","stop",-1,"negative"
"1111","supporting",1,"positive"
"1112","abuse",-3,"negative"
"1113","warning",-3,"negative"
"1114","stop",-1,"negative"
"1115","supporting",1,"positive"
"1116","attractions",2,"positive"
"1117","exploit",-2,"negative"
"1118","harm",-2,"negative"
"1119","demand",-1,"negative"
"1120","stop",-1,"negative"
"1121","cruel",-3,"negative"
"1122","attractions",2,"positive"
"1123","stopped",-1,"negative"
"1124","bad",-3,"negative"
"1125","failed",-2,"negative"
"1126","stopped",-1,"negative"
"1127","bad",-3,"negative"
"1128","prospects",1,"positive"
"1129","stopped",-1,"negative"
"1130","bad",-3,"negative"
"1131","hurt",-2,"negative"
"1132","cuts",-1,"negative"
"1133","fair",2,"positive"
"1134","glad",3,"positive"
"1135","resolved",2,"positive"
"1136","appreciated",2,"positive"
"1137","missed",-2,"negative"
"1138","chance",2,"positive"
"1139","mistake",-2,"negative"
"1140","demand",-1,"negative"
"1141","stop",-1,"negative"
"1142","cruel",-3,"negative"
"1143","attractions",2,"positive"
"1144","cuts",-1,"negative"
"1145","stopped",-1,"negative"
"1146","bad",-3,"negative"
"1147","demand",-1,"negative"
"1148","stop",-1,"negative"
"1149","cruel",-3,"negative"
"1150","attractions",2,"positive"
"1151","asset",2,"positive"
"1152","boosts",1,"positive"
"1153","failed",-2,"negative"
"1154","gains",2,"positive"
"1155","demand",-1,"negative"
"1156","stop",-1,"negative"
"1157","cruel",-3,"negative"
"1158","attractions",2,"positive"
"1159","supports",2,"positive"
"1160","abuse",-3,"negative"
"1161","demand",-1,"negative"
"1162","stop",-1,"negative"
"1163","cruel",-3,"negative"
"1164","attractions",2,"positive"
"1165","shares",1,"positive"
"1166","join",1,"positive"
"1167","stop",-1,"negative"
"1168","stopped",-1,"negative"
"1169","bad",-3,"negative"
"1170","gains",2,"positive"
"1171","pay",-1,"negative"
"1172","dispute",-2,"negative"
"1173","stop",-1,"negative"
"1174","supporting",1,"positive"
"1175","attractions",2,"positive"
"1176","exploit",-2,"negative"
"1177","harm",-2,"negative"
"1178","pay",-1,"negative"
"1179","dispute",-2,"negative"
"1180","shares",1,"positive"
"1181","cautious",-1,"negative"
"1182","cuts",-1,"negative"
"1183","suffer",-2,"negative"
"1184","pay",-1,"negative"
"1185","dispute",-2,"negative"
"1186","pay",-1,"negative"
"1187","gains",2,"positive"
"1188","stopped",-1,"negative"
"1189","bad",-3,"negative"
"1190","united",1,"positive"
"1191","shares",1,"positive"
"1192","cautious",-1,"negative"
"1193","shares",1,"positive"
"1194","stopped",-1,"negative"
"1195","bad",-3,"negative"
"1196","apologize",-1,"negative"
"1197","inconvenience",-2,"negative"
"1198","gains",2,"positive"
"1199","apologize",-1,"negative"
"1200","inconvenience",-2,"negative"
"1201","reached",1,"positive"
"1202","gains",2,"positive"
"1203","missed",-2,"negative"
"1204","chance",2,"positive"
"1205","gains",2,"positive"
"1206","shares",1,"positive"
"1207","cautious",-1,"negative"
"1208","shares",1,"positive"
"1209","share",1,"positive"
"1210","gains",2,"positive"
"1211","gains",2,"positive"
"1212","sick",-2,"negative"
"1213","miss",-2,"negative"
"1214","accidents",-2,"negative"
"1215","demand",-1,"negative"
"1216","stop",-1,"negative"
"1217","cruel",-3,"negative"
"1218","attractions",2,"positive"
"1219","gains",2,"positive"
"1220","gains",2,"positive"
"1221","gains",2,"positive"
"1222","shares",1,"positive"
"1223","cautious",-1,"negative"
"1224","gains",2,"positive"
"1225","shares",1,"positive"
"1226","cautious",-1,"negative"
"1227","increased",1,"positive"
"1228","gains",2,"positive"
"1229","shares",1,"positive"
"1230","cautious",-1,"negative"
"1231","shares",1,"positive"
"1232","cautious",-1,"negative"
"1233","shares",1,"positive"
"1234","cautious",-1,"negative"
"1235","shares",1,"positive"
"1236","cautious",-1,"negative"
"1237","stopped",-1,"negative"
"1238","bad",-3,"negative"
"1239","shares",1,"positive"
"1240","cautious",-1,"negative"
"1241","shares",1,"positive"
"1242","cautious",-1,"negative"
"1243","shares",1,"positive"
"1244","cautious",-1,"negative"
"1245","shares",1,"positive"
"1246","cautious",-1,"negative"
"1247","demand",-1,"negative"
"1248","stop",-1,"negative"
"1249","cruel",-3,"negative"
"1250","attractions",2,"positive"
"1251","stopped",-1,"negative"
"1252","bad",-3,"negative"
"1253","supported",2,"positive"
"1254","cut",-1,"negative"
"1255","cut",-1,"negative"
"1256","stopped",-1,"negative"
"1257","bad",-3,"negative"
"1258","stopped",-1,"negative"
"1259","bad",-3,"negative"
"1260","demand",-1,"negative"
"1261","stop",-1,"negative"
"1262","cruel",-3,"negative"
"1263","attractions",2,"positive"
"1264","stopped",-1,"negative"
"1265","bad",-3,"negative"
"1266","stopped",-1,"negative"
"1267","bad",-3,"negative"
"1268","stop",-1,"negative"
"1269","supporting",1,"positive"
"1270","attractions",2,"positive"
"1271","exploit",-2,"negative"
"1272","harm",-2,"negative"
"1273","trust",1,"positive"
"1274","asset",2,"positive"
"1275","boosted",1,"positive"
"1276","innovation",1,"positive"
"1277","stopped",-1,"negative"
"1278","bad",-3,"negative"
"1279","innovation",1,"positive"
"1280","innovation",1,"positive"
"1281","stopped",-1,"negative"
"1282","bad",-3,"negative"
"1283","stopped",-1,"negative"
"1284","bad",-3,"negative"
